{
  "tasks": {
    "test": "deno test --allow-net --allow-env --allow-read",
    "test:watch": "deno test --allow-net --allow-env --allow-read --watch",
    "test:coverage": "deno test --allow-net --allow-env --allow-read --coverage=coverage",
    "lint": "deno lint",
    "fmt": "deno fmt",
    "fmt:check": "deno fmt --check"
  },
  "compilerOptions": {
    "strict": true,
    "noImplicitAny": true,
    "strictNullChecks": true,
    "strictFunctionTypes": true,
    "strictBindCallApply": true,
    "strictPropertyInitialization": true,
    "noImplicitThis": true,
    "alwaysStrict": true
  },
  "lint": {
    "rules": {
      "tags": ["recommended"]
    }
  },
  "fmt": {
    "useTabs": false,
    "lineWidth": 100,
    "indentWidth": 2,
    "semiColons": true,
    "singleQuote": true,
    "proseWrap": "preserve"
  }
}
